{"_wandb":{"runtime":41},"_runtime":38.764805349,"accuracy":0.9,"epoch":9,"precision":0.89,"_step":30,"recall":0.89,"ROC":0.91,"_timestamp":1.7482748562239988e+09,"loss":0.29999999999999993,"batman":{"sha256":"a1b219146974e46b6aed14d76092a3904e498244e998c76d1efd2fe7ee959509","size":27335,"path":"media/images/batman_30_a1b219146974e46b6aed.png","format":"png","width":640,"height":480,"_type":"image-file"}}